domain,label,category,source_dataset,source_threat,source_label,source_length
ocymmekqogkw.org,1,dga_short_11_15,ExtraHop/DGA-Detection-Training-Dataset,dga,ocymmekqogkw,12
eohcbdibsjoiafxnrvddh.com,1,dga_long_gt_15,ExtraHop/DGA-Detection-Training-Dataset,dga,eohcbdibsjoiafxnrvddh,21
deummagdbawse.net,1,dga_short_11_15,ExtraHop/DGA-Detection-Training-Dataset,dga,deummagdbawse,13
vipozacyqexib.info,1,dga_short_11_15,ExtraHop/DGA-Detection-Training-Dataset,dga,vipozacyqexib,13
bankinvestmentaccount.net,0,benign_long_gt_15,ExtraHop/DGA-Detection-Training-Dataset,benign,bankinvestmentaccount,21
wmsbdckjyoq.org,1,dga_short_11_15,ExtraHop/DGA-Detection-Training-Dataset,dga,wmsbdckjyoq,11
gmiuawqcygyyecackyo.info,1,dga_long_gt_15,ExtraHop/DGA-Detection-Training-Dataset,dga,gmiuawqcygyyecackyo,19
genositaliangrill.org,0,benign_long_gt_15,ExtraHop/DGA-Detection-Training-Dataset,benign,genositaliangrill,17
freetoon.org,0,benign_short_le_10,ExtraHop/DGA-Detection-Training-Dataset,benign,freetoon,8
slanty.com,0,benign_short_le_10,ExtraHop/DGA-Detection-Training-Dataset,benign,slanty,6
hkhqursjnuux.net,1,dga_short_11_15,ExtraHop/DGA-Detection-Training-Dataset,dga,hkhqursjnuux,12
mywmkeuoaqkqq.com,1,dga_short_11_15,ExtraHop/DGA-Detection-Training-Dataset,dga,mywmkeuoaqkqq,13
vhtpxyecphru.net,1,dga_short_11_15,ExtraHop/DGA-Detection-Training-Dataset,dga,vhtpxyecphru,12
3tambours.info,0,benign_short_le_10,ExtraHop/DGA-Detection-Training-Dataset,benign,3tambours,9
krkoqdllbumf.com,1,dga_short_11_15,ExtraHop/DGA-Detection-Training-Dataset,dga,krkoqdllbumf,12
aeqcmimdaic.org,1,dga_short_11_15,ExtraHop/DGA-Detection-Training-Dataset,dga,aeqcmimdaic,11
cuxpfrfpwrxpfb.com,1,dga_short_11_15,ExtraHop/DGA-Detection-Training-Dataset,dga,cuxpfrfpwrxpfb,14
7kdunsxyr41y.com,1,dga_short_11_15,ExtraHop/DGA-Detection-Training-Dataset,dga,7kdunsxyr41y,12
ocyyeqowkswicqmmqeiacmkko.com,1,dga_long_gt_15,ExtraHop/DGA-Detection-Training-Dataset,dga,ocyyeqowkswicqmmqeiacmkko,25
baruecia.info,0,benign_short_le_10,ExtraHop/DGA-Detection-Training-Dataset,benign,baruecia,8
qexutigeja.org,1,dga_short_le_10,ExtraHop/DGA-Detection-Training-Dataset,dga,qexutigeja,10
mineyourownbusiness.org,0,benign_long_gt_15,ExtraHop/DGA-Detection-Training-Dataset,benign,mineyourownbusiness,19
bizanosa.net,0,benign_short_le_10,ExtraHop/DGA-Detection-Training-Dataset,benign,bizanosa,8
a23x3nghmt1hmj3jqbc.org,1,dga_long_gt_15,ExtraHop/DGA-Detection-Training-Dataset,dga,a23x3nghmt1hmj3jqbc,19
kqybrklsoyb.org,1,dga_short_11_15,ExtraHop/DGA-Detection-Training-Dataset,dga,kqybrklsoyb,11
aaieomacggoukiscyock.com,1,dga_long_gt_15,ExtraHop/DGA-Detection-Training-Dataset,dga,aaieomacggoukiscyock,20
uqutvfvetjuh.info,1,dga_short_11_15,ExtraHop/DGA-Detection-Training-Dataset,dga,uqutvfvetjuh,12
pictet.org,0,benign_short_le_10,ExtraHop/DGA-Detection-Training-Dataset,benign,pictet,6
y4s0507tgr14wnmxy2ex5ng.info,1,dga_long_gt_15,ExtraHop/DGA-Detection-Training-Dataset,dga,y4s0507tgr14wnmxy2ex5ng,23
suedennis.info,0,benign_short_le_10,ExtraHop/DGA-Detection-Training-Dataset,benign,suedennis,9
ortho-one.org,0,benign_short_le_10,ExtraHop/DGA-Detection-Training-Dataset,benign,ortho-one,9
iftdfwvlbyxv.org,1,dga_short_11_15,ExtraHop/DGA-Detection-Training-Dataset,dga,iftdfwvlbyxv,12
bestcatanddognutrition.org,0,benign_long_gt_15,ExtraHop/DGA-Detection-Training-Dataset,benign,bestcatanddognutrition,22
zjamkcheverolet.info,1,dga_short_11_15,ExtraHop/DGA-Detection-Training-Dataset,dga,zjamkcheverolet,15
iccahelp.info,0,benign_short_le_10,ExtraHop/DGA-Detection-Training-Dataset,benign,iccahelp,8
webemusic.info,0,benign_short_le_10,ExtraHop/DGA-Detection-Training-Dataset,benign,webemusic,9
wkavfvnnwguiyyuxiwzmp.info,1,dga_long_gt_15,ExtraHop/DGA-Detection-Training-Dataset,dga,wkavfvnnwguiyyuxiwzmp,21
gacuhoside.net,1,dga_short_le_10,ExtraHop/DGA-Detection-Training-Dataset,dga,gacuhoside,10
damqyhms.org,1,dga_short_le_10,ExtraHop/DGA-Detection-Training-Dataset,dga,damqyhms,8
mbcchurch.net,0,benign_short_le_10,ExtraHop/DGA-Detection-Training-Dataset,benign,mbcchurch,9
ldkkllaabettingk.com,1,dga_long_gt_15,ExtraHop/DGA-Detection-Training-Dataset,dga,ldkkllaabettingk,16
solutionforcomputer.com,0,benign_long_gt_15,ExtraHop/DGA-Detection-Training-Dataset,benign,solutionforcomputer,19
grandhistoricvenue.org,0,benign_long_gt_15,ExtraHop/DGA-Detection-Training-Dataset,benign,grandhistoricvenue,18
ecf-coffee.net,0,benign_short_le_10,ExtraHop/DGA-Detection-Training-Dataset,benign,ecf-coffee,10
towardness.com,0,benign_short_le_10,ExtraHop/DGA-Detection-Training-Dataset,benign,towardness,10
wxkt5dybc4aha4utm6g.net,1,dga_long_gt_15,ExtraHop/DGA-Detection-Training-Dataset,dga,wxkt5dybc4aha4utm6g,19
gmyikaaoigkucmkqauggsqkqwgwik.com,1,dga_long_gt_15,ExtraHop/DGA-Detection-Training-Dataset,dga,gmyikaaoigkucmkqauggsqkqwgwik,29
sackraces.org,0,benign_short_le_10,ExtraHop/DGA-Detection-Training-Dataset,benign,sackraces,9
ub30cngbexyrmjmx1d1p7pw.net,1,dga_long_gt_15,ExtraHop/DGA-Detection-Training-Dataset,dga,ub30cngbexyrmjmx1d1p7pw,23
vaqufytbylgjdnsudvewd.org,1,dga_long_gt_15,ExtraHop/DGA-Detection-Training-Dataset,dga,vaqufytbylgjdnsudvewd,21
qjfwlf.net,1,dga_short_le_10,ExtraHop/DGA-Detection-Training-Dataset,dga,qjfwlf,6
mkcmvlaw.net,1,dga_short_le_10,ExtraHop/DGA-Detection-Training-Dataset,dga,mkcmvlaw,8
tvfjxccvyjk.com,1,dga_short_11_15,ExtraHop/DGA-Detection-Training-Dataset,dga,tvfjxccvyjk,11
lysanojymalesiwazos.net,1,dga_long_gt_15,ExtraHop/DGA-Detection-Training-Dataset,dga,lysanojymalesiwazos,19
l-acajou.info,0,benign_short_le_10,ExtraHop/DGA-Detection-Training-Dataset,benign,l-acajou,8
vicukemolyfalig.info,1,dga_short_11_15,ExtraHop/DGA-Detection-Training-Dataset,dga,vicukemolyfalig,15
nawptdnrqbpouxpnvg.com,1,dga_long_gt_15,ExtraHop/DGA-Detection-Training-Dataset,dga,nawptdnrqbpouxpnvg,18
y2rvbr1noe2w51g2e514ix198u.info,1,dga_long_gt_15,ExtraHop/DGA-Detection-Training-Dataset,dga,y2rvbr1noe2w51g2e514ix198u,26
urbanknightsradio.net,0,benign_long_gt_15,ExtraHop/DGA-Detection-Training-Dataset,benign,urbanknightsradio,17
ihyhemqgews.com,1,dga_short_11_15,ExtraHop/DGA-Detection-Training-Dataset,dga,ihyhemqgews,11
muyi.com,0,benign_short_le_10,ExtraHop/DGA-Detection-Training-Dataset,benign,muyi,4
ringisland.info,0,benign_short_le_10,ExtraHop/DGA-Detection-Training-Dataset,benign,ringisland,10
mfrtoccexywpxdnl.org,1,dga_long_gt_15,ExtraHop/DGA-Detection-Training-Dataset,dga,mfrtoccexywpxdnl,16
inomate.info,0,benign_short_le_10,ExtraHop/DGA-Detection-Training-Dataset,benign,inomate,7
mmoktwg.org,1,dga_short_le_10,ExtraHop/DGA-Detection-Training-Dataset,dga,mmoktwg,7
mabejifo.org,1,dga_short_le_10,ExtraHop/DGA-Detection-Training-Dataset,dga,mabejifo,8
crystalwaterstarot.net,0,benign_long_gt_15,ExtraHop/DGA-Detection-Training-Dataset,benign,crystalwaterstarot,18
filarmonicatresigallo.com,0,benign_long_gt_15,ExtraHop/DGA-Detection-Training-Dataset,benign,filarmonicatresigallo,21
wwpvetball.com,1,dga_short_le_10,ExtraHop/DGA-Detection-Training-Dataset,dga,wwpvetball,10
fbtz.org,0,benign_short_le_10,ExtraHop/DGA-Detection-Training-Dataset,benign,fbtz,4
cicyvitytalyjefo.info,1,dga_long_gt_15,ExtraHop/DGA-Detection-Training-Dataset,dga,cicyvitytalyjefo,16
moniquekooijmans.org,0,benign_long_gt_15,ExtraHop/DGA-Detection-Training-Dataset,benign,moniquekooijmans,16
rvmjment.net,1,dga_short_le_10,ExtraHop/DGA-Detection-Training-Dataset,dga,rvmjment,8
mauidharmacenter.org,0,benign_long_gt_15,ExtraHop/DGA-Detection-Training-Dataset,benign,mauidharmacenter,16
outpension.info,0,benign_short_le_10,ExtraHop/DGA-Detection-Training-Dataset,benign,outpension,10
3v185xq47p1vq2evunk.org,1,dga_long_gt_15,ExtraHop/DGA-Detection-Training-Dataset,dga,3v185xq47p1vq2evunk,19
agwuankpirwqcs.org,1,dga_short_11_15,ExtraHop/DGA-Detection-Training-Dataset,dga,agwuankpirwqcs,14
plpjjjmi.net,1,dga_short_le_10,ExtraHop/DGA-Detection-Training-Dataset,dga,plpjjjmi,8
dxvkordf150.info,1,dga_short_11_15,ExtraHop/DGA-Detection-Training-Dataset,dga,dxvkordf150,11
gmyqmkwmwy.com,1,dga_short_le_10,ExtraHop/DGA-Detection-Training-Dataset,dga,gmyqmkwmwy,10
aawcusmmck.org,1,dga_short_le_10,ExtraHop/DGA-Detection-Training-Dataset,dga,aawcusmmck,10
eiuicsoaociycgeeccoqy.com,1,dga_long_gt_15,ExtraHop/DGA-Detection-Training-Dataset,dga,eiuicsoaociycgeeccoqy,21
oahonta.org,1,dga_short_le_10,ExtraHop/DGA-Detection-Training-Dataset,dga,oahonta,7
nevergetarealjob.net,0,benign_long_gt_15,ExtraHop/DGA-Detection-Training-Dataset,benign,nevergetarealjob,16
qgqmsowwmoeimewcowocmqqmeimwe.net,1,dga_long_gt_15,ExtraHop/DGA-Detection-Training-Dataset,dga,qgqmsowwmoeimewcowocmqqmeimwe,29
phongchonglutbaotphcm.net,0,benign_long_gt_15,ExtraHop/DGA-Detection-Training-Dataset,benign,phongchonglutbaotphcm,21
rpdmey.org,1,dga_short_le_10,ExtraHop/DGA-Detection-Training-Dataset,dga,rpdmey,6
filmshooterscollective.org,0,benign_long_gt_15,ExtraHop/DGA-Detection-Training-Dataset,benign,filmshooterscollective,22
smotjtfein.com,1,dga_short_le_10,ExtraHop/DGA-Detection-Training-Dataset,dga,smotjtfein,10
emxfhwi.net,1,dga_short_le_10,ExtraHop/DGA-Detection-Training-Dataset,dga,emxfhwi,7
terrjhxla.com,1,dga_short_le_10,ExtraHop/DGA-Detection-Training-Dataset,dga,terrjhxla,9
stonybrookprimarycare.org,0,benign_long_gt_15,ExtraHop/DGA-Detection-Training-Dataset,benign,stonybrookprimarycare,21
hvbinhoa.com,1,dga_short_le_10,ExtraHop/DGA-Detection-Training-Dataset,dga,hvbinhoa,8
vxjwey.org,1,dga_short_le_10,ExtraHop/DGA-Detection-Training-Dataset,dga,vxjwey,6
dkmsjk.org,1,dga_short_le_10,ExtraHop/DGA-Detection-Training-Dataset,dga,dkmsjk,6
flekkefjordrugbyklubb.info,0,benign_long_gt_15,ExtraHop/DGA-Detection-Training-Dataset,benign,flekkefjordrugbyklubb,21
jaysieganpresents.net,0,benign_long_gt_15,ExtraHop/DGA-Detection-Training-Dataset,benign,jaysieganpresents,17
radicalinnovationinhospitality.info,0,benign_long_gt_15,ExtraHop/DGA-Detection-Training-Dataset,benign,radicalinnovationinhospitality,30
abouttimeformassage.info,0,benign_long_gt_15,ExtraHop/DGA-Detection-Training-Dataset,benign,abouttimeformassage,19
southhillsdental.net,0,benign_long_gt_15,ExtraHop/DGA-Detection-Training-Dataset,benign,southhillsdental,16
